{
  "epochs": 10,
  "batch_size": 128,
  "noise_dim": 100,
  "lr": 0.0002,
  "device": "cuda",
  "limit_train": null,
  "final_D_loss": 1.209611564110487,
  "final_G_loss": 1.1168155938259556
}