{
  "epochs": 10,
  "batch_size": 128,
  "noise_dim": 100,
  "lr": 0.0002,
  "device": "cuda",
  "limit_train": null,
  "final_D_loss": 1.2201707215390654,
  "final_G_loss": 1.1119698248485215
}